<?xml version="1.0" encoding="UTF-8" standalone="yes"?>
<w:document xmlns:wpc="http://schemas.microsoft.com/office/word/2010/wordprocessingCanvas" xmlns:mc="http://schemas.openxmlformats.org/markup-compatibility/2006" xmlns:o="urn:schemas-microsoft-com:office:office" xmlns:r="http://schemas.openxmlformats.org/officeDocument/2006/relationships" xmlns:m="http://schemas.openxmlformats.org/officeDocument/2006/math" xmlns:v="urn:schemas-microsoft-com:vml" xmlns:wp14="http://schemas.microsoft.com/office/word/2010/wordprocessingDrawing" xmlns:wp="http://schemas.openxmlformats.org/drawingml/2006/wordprocessingDrawing" xmlns:w10="urn:schemas-microsoft-com:office:word" xmlns:w="http://schemas.openxmlformats.org/wordprocessingml/2006/main" xmlns:w14="http://schemas.microsoft.com/office/word/2010/wordml" xmlns:w15="http://schemas.microsoft.com/office/word/2012/wordml" xmlns:wpg="http://schemas.microsoft.com/office/word/2010/wordprocessingGroup" xmlns:wpi="http://schemas.microsoft.com/office/word/2010/wordprocessingInk" xmlns:wne="http://schemas.microsoft.com/office/word/2006/wordml" xmlns:wps="http://schemas.microsoft.com/office/word/2010/wordprocessingShape" mc:Ignorable="w14 w15 wp14"><w:body><w:p w:rsidR="00C20C05" w:rsidRPr="00C20C05" w:rsidRDefault="000143EA" w:rsidP="00C20C05"><w:pPr><w:shd w:val="clear" w:color="auto" w:fill="FFFFFF"/><w:spacing w:before="100" w:beforeAutospacing="1" w:after="100" w:afterAutospacing="1" w:line="240" w:lineRule="auto"/><w:rPr><w:rFonts w:ascii="Georgia" w:eastAsia="Times New Roman" w:hAnsi="Georgia" w:cs="Times New Roman"/><w:color w:val="000000"/><w:sz w:val="27"/><w:szCs w:val="27"/><w:lang w:eastAsia="en-IN"/></w:rPr></w:pPr><w:r><w:rPr><w:rFonts w:ascii="Georgia" w:eastAsia="Times New Roman" w:hAnsi="Georgia" w:cs="Times New Roman"/><w:color w:val="000000"/><w:sz w:val="27"/><w:szCs w:val="27"/><w:lang w:eastAsia="en-IN"/></w:rPr><w:t>I am Arun. I am 26 years old and I love nature. I am a survivor. I learn quickly.</w:t></w:r><w:bookmarkStart w:id="0" w:name="_GoBack"/><w:bookmarkEnd w:id="0"/></w:p><w:p w:rsidR="00A748F5" w:rsidRPr="00B410CB" w:rsidRDefault="00A748F5" w:rsidP="00B410CB"><w:pPr><w:rPr><w:sz w:val="22"/></w:rPr></w:pPr></w:p><w:sectPr w:rsidR="00A748F5" w:rsidRPr="00B410CB"><w:pgSz w:w="11906" w:h="16838"/><w:pgMar w:top="1440" w:right="1440" w:bottom="1440" w:left="1440" w:header="708" w:footer="708" w:gutter="0"/><w:cols w:space="708"/><w:docGrid w:linePitch="360"/></w:sectPr></w:body></w:document>