<?xml version="1.0" encoding="UTF-8" standalone="yes"?>
<cp:coreProperties xmlns:cp="http://schemas.openxmlformats.org/package/2006/metadata/core-properties" xmlns:dc="http://purl.org/dc/elements/1.1/" xmlns:dcterms="http://purl.org/dc/terms/" xmlns:dcmitype="http://purl.org/dc/dcmitype/" xmlns:xsi="http://www.w3.org/2001/XMLSchema-instance"><dc:title></dc:title><dc:subject></dc:subject><dc:creator>Windows User</dc:creator><cp:keywords></cp:keywords><dc:description></dc:description><cp:lastModifiedBy>Windows User</cp:lastModifiedBy><cp:revision>4</cp:revision><dcterms:created xsi:type="dcterms:W3CDTF">2018-05-23T08:48:00Z</dcterms:created><dcterms:modified xsi:type="dcterms:W3CDTF">2018-05-25T19:11:00Z</dcterms:modified></cp:coreProperties>